business_status,geometry,icon,icon_background_color,icon_mask_base_uri,name,opening_hours,photos,place_id,plus_code,rating,reference,scope,types,user_ratings_total,vicinity,price_level
OPERATIONAL,"{'location': {'lat': 2.9260154, 'lng': 101.6360925}, 'viewport': {'northeast': {'lat': 2.927364829892722, 'lng': 101.6374642798927}, 'southwest': {'lat': 2.924665170107278, 'lng': 101.6347646201073}}}",https://maps.gstatic.com/mapfiles/place_api/icons/v1/png_71/restaurant-71.png,#FF9E67,https://maps.gstatic.com/mapfiles/place_api/icons/v2/restaurant_pinlet,Kafe Ria Middle East Food,{'open_now': True},"[{'height': 2448, 'html_attributions': ['<a href=""https://maps.google.com/maps/contrib/113835153459322958591"">Nasir Rony</a>'], 'photo_reference': 'AW30NDyCuR67D_kNX8niK278idnzchkvPGxfFG4r9iOTYwA7GiV7YHYvtBdmRJuO9P4GehzW0AsKz9QXMhDJxf5NChpvRcJHXVjjjPcu2IKEeZheJZE0FVuPYE2oIbm5QclFygEl5f8lCs3JiCJdM3fKai7G01dM_qPwKWwvukEeOzldVb9v', 'width': 3264}]",ChIJD_QRLN22zTERLUYwdg3ee6c,"{'compound_code': 'WJGP+CC Cyberjaya, Selangor', 'global_code': '6PJ3WJGP+CC'}",4.0,ChIJD_QRLN22zTERLUYwdg3ee6c,GOOGLE,"['restaurant', 'food', 'point_of_interest', 'establishment']",20,"D' Arc,, Cyberjaya",
OPERATIONAL,"{'location': {'lat': 2.9173763, 'lng': 101.6497175}, 'viewport': {'northeast': {'lat': 2.918742129892722, 'lng': 101.6511121298927}, 'southwest': {'lat': 2.916042470107278, 'lng': 101.6484124701073}}}",https://maps.gstatic.com/mapfiles/place_api/icons/v1/png_71/restaurant-71.png,#FF9E67,https://maps.gstatic.com/mapfiles/place_api/icons/v2/restaurant_pinlet,Harvest Cafe Cyberjaya,{'open_now': True},"[{'height': 4000, 'html_attributions': ['<a href=""https://maps.google.com/maps/contrib/109977699577697652315"">Harvest food and coffee</a>'], 'photo_reference': 'AW30NDw9VCIHsWKiqxM5-D6kxXvPaJpxackK48d9RMTj4c2gY5ysv4tx8K1nUbhBT4z690VeIJUhY16qDUOKJH6LB9h1YrlXAYLOkn7TJwi1_zI9g41Olv3_73OkaGjNFPhTep_-KlnnKNF4EocDv9omP3aq6NkqRGn4c6QpmWP-MZwa12Ac', 'width': 3000}]",ChIJC82vteK2zTERc9rmxC-nyGE,"{'compound_code': 'WJ8X+XV Cyberjaya, Selangor', 'global_code': '6PJ3WJ8X+XV'}",3.8,ChIJC82vteK2zTERc9rmxC-nyGE,GOOGLE,"['restaurant', 'cafe', 'food', 'bar', 'point_of_interest', 'establishment']",175,"Lingkaran Cyber Point Barat, Cyberjaya",2.0
OPERATIONAL,"{'location': {'lat': 2.9156627, 'lng': 101.6509477}, 'viewport': {'northeast': {'lat': 2.917024029892722, 'lng': 101.6523470798927}, 'southwest': {'lat': 2.914324370107277, 'lng': 101.6496474201073}}}",https://maps.gstatic.com/mapfiles/place_api/icons/v1/png_71/restaurant-71.png,#FF9E67,https://maps.gstatic.com/mapfiles/place_api/icons/v2/restaurant_pinlet,AQSA TAM FOOD & MART,{'open_now': True},"[{'height': 3264, 'html_attributions': ['<a href=""https://maps.google.com/maps/contrib/117902842280632767062"">A Google User</a>'], 'photo_reference': 'AW30NDwiZEs3r2mIokF2Aem2M7K6ycVICho3zn1mwiNARD6W1d587nTZPnpyYwyNGfKWJDkE3nucFWqcMStwwkK795MbnMYAQn6xU3T8U7ASmNjPcOxQi3IWMNdliYEU5PFsyOXgqe9V6qafHdJaBlYnYmWL6Lfhqods9sh0UDuxPsIs7mv-', 'width': 2448}]",ChIJ0Rtv3Ou3zTER89xqGbVedzQ,"{'compound_code': 'WM82+79 Cyberjaya, Selangor', 'global_code': '6PJ3WM82+79'}",0.0,ChIJ0Rtv3Ou3zTER89xqGbVedzQ,GOOGLE,"['restaurant', 'food', 'point_of_interest', 'establishment']",0,"39g, Lingkaran Cyber Point Barat, Neo Cyber, Cyberjaya",
OPERATIONAL,"{'location': {'lat': 2.915959200000001, 'lng': 101.6508172}, 'viewport': {'northeast': {'lat': 2.917332579892722, 'lng': 101.6521838298927}, 'southwest': {'lat': 2.914632920107278, 'lng': 101.6494841701073}}}",https://maps.gstatic.com/mapfiles/place_api/icons/v1/png_71/restaurant-71.png,#FF9E67,https://maps.gstatic.com/mapfiles/place_api/icons/v2/restaurant_pinlet,Chetz Chillax Cyberjaya,{'open_now': True},"[{'height': 1080, 'html_attributions': ['<a href=""https://maps.google.com/maps/contrib/108448183758747529337"">A Google User</a>'], 'photo_reference': 'AW30NDw3B6u3r6WrnabolgsRYDRC5bQ7wWAGAnWF5kJ7xH6LWOEp5T6cUt7YNJ_djOB7YH5JPPw9KXDqtncv-68eSa6o8-_VoJAlMo2LxdgAXWEBjm-AQs0yc5s6n9LkmQXHVWPjS9CW6lWJ67sw7lP769qOh5VDw5ufCRg4kCQkm4W0B0mf', 'width': 1920}]",ChIJO1CmI0W3zTERdLtxkjW83Vw,"{'compound_code': 'WM82+98 Cyberjaya, Selangor', 'global_code': '6PJ3WM82+98'}",4.2,ChIJO1CmI0W3zTERdLtxkjW83Vw,GOOGLE,"['restaurant', 'food', 'point_of_interest', 'establishment']",127,"36G, Block E, Bixz Avenue II, Neocyber, Lingkaran Cyber Point Barat, Cyberjaya",
OPERATIONAL,"{'location': {'lat': 2.924047, 'lng': 101.6372101}, 'viewport': {'northeast': {'lat': 2.925397179892722, 'lng': 101.6386197798927}, 'southwest': {'lat': 2.922697520107278, 'lng': 101.6359201201073}}}",https://maps.gstatic.com/mapfiles/place_api/icons/v1/png_71/restaurant-71.png,#FF9E67,https://maps.gstatic.com/mapfiles/place_api/icons/v2/restaurant_pinlet,ALI CHICKEN & FRIES,{'open_now': True},"[{'height': 2639, 'html_attributions': ['<a href=""https://maps.google.com/maps/contrib/111264064259740488186"">A Google User</a>'], 'photo_reference': 'AW30NDzIOsCy5O9FsDhRVK8JPsmOH6Nm7ZcWboP7SuivqH-CnBE4BTeqxxGV9lmYCUNEqztid56mCvYAe0nar-9R8xh-oxuKhXYKRf8NDOaFrXeOlMpu7T8_WqLGs-f4srBAz7yLOWK2T0FtVB8NpQJPETsYGB7kWNllLlvWzih0J-XCBDFW', 'width': 2884}]",ChIJqzqVL-C3zTERTgWzZIgy7EU,"{'compound_code': 'WJFP+JV Cyberjaya, Selangor', 'global_code': '6PJ3WJFP+JV'}",4.9,ChIJqzqVL-C3zTERTgWzZIgy7EU,GOOGLE,"['restaurant', 'food', 'point_of_interest', 'establishment']",14,"L1-09, MENARA PARAGON, Persiaran Bestari, Cyber 11, Cyberjaya",
OPERATIONAL,"{'location': {'lat': 2.9283687, 'lng': 101.6546147}, 'viewport': {'northeast': {'lat': 2.929699029892722, 'lng': 101.6560181298927}, 'southwest': {'lat': 2.926999370107278, 'lng': 101.6533184701073}}}",https://maps.gstatic.com/mapfiles/place_api/icons/v1/png_71/restaurant-71.png,#FF9E67,https://maps.gstatic.com/mapfiles/place_api/icons/v2/restaurant_pinlet,Harley's Burger and Roaster,{'open_now': True},"[{'height': 1536, 'html_attributions': ['<a href=""https://maps.google.com/maps/contrib/103170927665502642664"">Josephine Tang</a>'], 'photo_reference': 'AW30NDwhHtjg3qPyvZdUCKDPMgRJtabN0v80O06DYBBwN_g4bgYDzmjoL4_3ZsqZwZKmqt68BZdOIPILdz9X_yZXP2H4L5DqcigBshAesSWfokN5ZmlSYr1YERJ7oFMonEUb5ECY6DsL3qP4qbscb0XRSd6stWXdClRwMnbunGRnvkHM0F9T', 'width': 2048}]",ChIJc4zjcAq3zTEReugcR-P06Ks,"{'compound_code': 'WMH3+8R Cyberjaya, Selangor', 'global_code': '6PJ3WMH3+8R'}",4.1,ChIJc4zjcAq3zTEReugcR-P06Ks,GOOGLE,"['restaurant', 'food', 'point_of_interest', 'establishment']",430,Cyberjaya,
OPERATIONAL,"{'location': {'lat': 2.9141625, 'lng': 101.6554689}, 'viewport': {'northeast': {'lat': 2.915498779892723, 'lng': 101.6568081298927}, 'southwest': {'lat': 2.912799120107278, 'lng': 101.6541084701073}}}",https://maps.gstatic.com/mapfiles/place_api/icons/v1/png_71/restaurant-71.png,#FF9E67,https://maps.gstatic.com/mapfiles/place_api/icons/v2/restaurant_pinlet,Uncle Don's (Cyberjaya),{'open_now': True},"[{'height': 2252, 'html_attributions': ['<a href=""https://maps.google.com/maps/contrib/101946083252777249742"">Dom S.</a>'], 'photo_reference': 'AW30NDwZYrACtSBHuHOqWd9UvI2CuyIP1xZwKLIga2Hkm_22_FIj8Ts69knLtWok6zKGU0IajiyKEmoKUERbUDOOMclmyoXzUh6Pvuh1uVLwlTPA76tclqiDzlLeJoVTKNfxvFOsNwSKyYgGOKX7uqfQ4qAe5ysHwWFUb9caAENZKk2aHEUz', 'width': 4000}]",ChIJx7IGMkS3zTER58NGD6VQOMs,"{'compound_code': 'WM74+M5 Sepang, Selangor', 'global_code': '6PJ3WM74+M5'}",3.4,ChIJx7IGMkS3zTER58NGD6VQOMs,GOOGLE,"['restaurant', 'food', 'point_of_interest', 'establishment']",269,"Unit G-2A, Block 3545, Prima 11 Jalan Teknokrat 6 Cyberjaya, Sepang",2.0
OPERATIONAL,"{'location': {'lat': 2.9229424, 'lng': 101.651668}, 'viewport': {'northeast': {'lat': 2.924177379892722, 'lng': 101.6530318798927}, 'southwest': {'lat': 2.921477720107278, 'lng': 101.6503322201073}}}",https://maps.gstatic.com/mapfiles/place_api/icons/v1/png_71/restaurant-71.png,#FF9E67,https://maps.gstatic.com/mapfiles/place_api/icons/v2/restaurant_pinlet,Safaa Restaurant Cyberjaya مطعم صفاء,{'open_now': True},"[{'height': 3456, 'html_attributions': ['<a href=""https://maps.google.com/maps/contrib/105719137499804870131"">Mohd Hafiz</a>'], 'photo_reference': 'AW30NDyM64wOoZF6tvA9d44BM9f1b21w6o-f6-7tLSuaw9sOqM9B3n4K73eWOAR5kGI_Fl8FghE9USh5trbke184VCvojw8daMCc8G6hwVOedXEGV4vYCnEDdqy1CyBwNV_OCjyAKO9nNr2s3pqJ_TuaUboKKcEEyXwETqgG6j8biNhvxRqW', 'width': 4608}]",ChIJ0ZA0F_u2zTERkyAt9E1jWSs,"{'compound_code': 'WMF2+5M Cyberjaya, Selangor', 'global_code': '6PJ3WMF2+5M'}",4.1,ChIJ0ZA0F_u2zTERkyAt9E1jWSs,GOOGLE,"['restaurant', 'food', 'point_of_interest', 'establishment']",746,"Unit 4800-0-7, CBD Perdana, 1, Jln Perdana, Cyber 12, Cyberjaya",2.0
OPERATIONAL,"{'location': {'lat': 2.9228989, 'lng': 101.6513165}, 'viewport': {'northeast': {'lat': 2.924148079892722, 'lng': 101.6526725298927}, 'southwest': {'lat': 2.921448420107278, 'lng': 101.6499728701073}}}",https://maps.gstatic.com/mapfiles/place_api/icons/v1/png_71/restaurant-71.png,#FF9E67,https://maps.gstatic.com/mapfiles/place_api/icons/v2/restaurant_pinlet,Cube Bistro,{'open_now': True},"[{'height': 3024, 'html_attributions': ['<a href=""https://maps.google.com/maps/contrib/103223372502393386567"">László Jankovics</a>'], 'photo_reference': 'AW30NDzF3laja__3vEfkuFksybyTBey9a1NJUi0hc9qHk0dwR3fQ3ZikNTZhjO96uwPMelI0emT9GBW2gII7E5DVkWBsnBV4Z7L9VEY4vSjt0EFjfDiJnmJm8Xg37zNUoXwrxolFr-eAElqMYiujoNqecbXphbqc5_OJ7GsEt9Z0EygHI5ft', 'width': 4032}]",ChIJB8GIPvu2zTERcXoN1YryOf4,"{'compound_code': 'WMF2+5G Cyberjaya, Selangor', 'global_code': '6PJ3WMF2+5G'}",3.6,ChIJB8GIPvu2zTERcXoN1YryOf4,GOOGLE,"['restaurant', 'food', 'point_of_interest', 'establishment']",292,"Unit 4800-0-1, CBD Perdana 1, Off, Jln Perdana, Cyber 12, Cyberjaya",1.0
OPERATIONAL,"{'location': {'lat': 2.9212317, 'lng': 101.6568847}, 'viewport': {'northeast': {'lat': 2.922571079892722, 'lng': 101.6582056798927}, 'southwest': {'lat': 2.919871420107277, 'lng': 101.6555060201073}}}",https://maps.gstatic.com/mapfiles/place_api/icons/v1/png_71/restaurant-71.png,#FF9E67,https://maps.gstatic.com/mapfiles/place_api/icons/v2/restaurant_pinlet,OldTown White Coffee Cyberjaya,{'open_now': True},"[{'height': 3024, 'html_attributions': ['<a href=""https://maps.google.com/maps/contrib/109821114452166380011"">Jan Cílek</a>'], 'photo_reference': 'AW30NDxecc6ltNqrqrtS-0FWZY3AJN6Lr0zpr8jj7WS1cIJaceyJsTjPfoJRAprYFSPfKb3MBXUGf6CHBX6bduVMDGwYGWF0e99AXzHU5ef8qLNT1ljtJJm25jn-T-UVMbIv-d0TVBNx54V3DvIKcbLEJyZQkjdte-EorN3HO9d0GyKDEbWm', 'width': 4032}]",ChIJ4VftSvm2zTERI-xxHcUSvv0,"{'compound_code': 'WMC4+FQ Cyberjaya, Selangor', 'global_code': '6PJ3WMC4+FQ'}",4.0,ChIJ4VftSvm2zTERI-xxHcUSvv0,GOOGLE,"['restaurant', 'food', 'point_of_interest', 'establishment']",2158,"Jalan Teknokrat 5, Cyberjaya",2.0
OPERATIONAL,"{'location': {'lat': 2.9156368, 'lng': 101.6508385}, 'viewport': {'northeast': {'lat': 2.917010779892722, 'lng': 101.6522925298927}, 'southwest': {'lat': 2.914311120107277, 'lng': 101.6495928701073}}}",https://maps.gstatic.com/mapfiles/place_api/icons/v1/png_71/restaurant-71.png,#FF9E67,https://maps.gstatic.com/mapfiles/place_api/icons/v2/restaurant_pinlet,Juara Corner,{'open_now': True},"[{'height': 4080, 'html_attributions': ['<a href=""https://maps.google.com/maps/contrib/104726322504035050976"">sflhazmi</a>'], 'photo_reference': 'AW30NDwK0Qx-lBKU7StJiHaA-u0kxuWzwdgOt94VEkNlnIZuQi1ikjZoM16JwXc3uHmEaivDHDEs3tkLkW9TPsm1eOY3k0ajaLSO7xYE_fyVuyK9maw9Xwd1KFYcGTJ9MXfxInwUWvzEzS8PlnUmrRUneF7UFfXn7EtoiJFia420E5uagHn5', 'width': 1836}]",ChIJq1SXjXi3zTER4Z8u5HSCyEc,"{'compound_code': 'WM82+78 Cyberjaya, Selangor', 'global_code': '6PJ3WM82+78'}",3.5,ChIJq1SXjXi3zTER4Z8u5HSCyEc,GOOGLE,"['restaurant', 'food', 'point_of_interest', 'establishment']",98,"39g, Lingkaran Cyber Point Barat, Neo Cyber, Cyberjaya",
OPERATIONAL,"{'location': {'lat': 2.9240262, 'lng': 101.656986}, 'viewport': {'northeast': {'lat': 2.925380029892722, 'lng': 101.6583244298927}, 'southwest': {'lat': 2.922680370107277, 'lng': 101.6556247701073}}}",https://maps.gstatic.com/mapfiles/place_api/icons/v1/png_71/restaurant-71.png,#FF9E67,https://maps.gstatic.com/mapfiles/place_api/icons/v2/restaurant_pinlet,Eyra Local & Western Cuisine,{'open_now': True},"[{'height': 3000, 'html_attributions': ['<a href=""https://maps.google.com/maps/contrib/113907923963158891315"">Md Azlihazrin</a>'], 'photo_reference': 'AW30NDwK0FpKazw-Q7IgGEAjnmue2p0WYHzPgml7m77agbr4KJEbAJxhn9tNio40NYE5O0CtUI0TJ3pO6ZIpxmIotMnS8AkXp53N56ynKeLfcK-b1a2-JqmtWMnwY75wNzHK5M9rUq5tA0_fWkLDjyGxIIpA1Hb2YvE5WVI-GcE0_WMJ6pN5', 'width': 4000}]",ChIJzdmA2cO3zTERP6kSaA1hnxE,"{'compound_code': 'WMF4+JQ Cyberjaya, Selangor', 'global_code': '6PJ3WMF4+JQ'}",3.7,ChIJzdmA2cO3zTERP6kSaA1hnxE,GOOGLE,"['restaurant', 'food', 'point_of_interest', 'establishment']",201,"Block F, 10, Jln GC 3, Glomac, Cyberjaya",
OPERATIONAL,"{'location': {'lat': 2.9210382, 'lng': 101.6358332}, 'viewport': {'northeast': {'lat': 2.922321379892722, 'lng': 101.6371935798927}, 'southwest': {'lat': 2.919621720107278, 'lng': 101.6344939201073}}}",https://maps.gstatic.com/mapfiles/place_api/icons/v1/png_71/restaurant-71.png,#FF9E67,https://maps.gstatic.com/mapfiles/place_api/icons/v2/restaurant_pinlet,Accolades Lounge,{'open_now': True},"[{'height': 5065, 'html_attributions': ['<a href=""https://maps.google.com/maps/contrib/108696713246882301508"">A Google User</a>'], 'photo_reference': 'AW30NDxAcY4JnJsDrqk-TeAQToJ9OWUmDqcHb07AHQnyKK9Rhb7AhHX2hG66zfljD9OaQGiW2uZxX13Ueg2C2OtgbB_WI2-3hD5wFeJ3EppcENPnwdSLzkLYqnQjtSXyBdtKZkm1yAZsafNVkVswl4py5FeUhuekd7Wt-0mn17qt8-DaeIvI', 'width': 3629}]",ChIJF8L2HtK3zTERSjzs3WqS3F8,"{'compound_code': 'WJCP+C8 Cyberjaya, Selangor', 'global_code': '6PJ3WJCP+C8'}",4.2,ChIJF8L2HtK3zTERSjzs3WqS3F8,GOOGLE,"['restaurant', 'food', 'point_of_interest', 'establishment']",182,"A-05-01 Tamarind Square, Persiaran Multimedia, Cyberjaya",
OPERATIONAL,"{'location': {'lat': 2.9207652, 'lng': 101.6566534}, 'viewport': {'northeast': {'lat': 2.922188679892722, 'lng': 101.6580935798927}, 'southwest': {'lat': 2.919489020107278, 'lng': 101.6553939201073}}}",https://maps.gstatic.com/mapfiles/place_api/icons/v1/png_71/restaurant-71.png,#FF9E67,https://maps.gstatic.com/mapfiles/place_api/icons/v2/restaurant_pinlet,myBurgerLab Cyberjaya,{'open_now': False},"[{'height': 3024, 'html_attributions': ['<a href=""https://maps.google.com/maps/contrib/106585315085360180201"">Manfye Goh</a>'], 'photo_reference': 'AW30NDxIcYi-iLYwWRn9lyh4lI5J6FEKQ7rdNXdTUuj2ogXAT10nGV7alh7NVAM3Y-mRMON55fXYuislfelH9CV4Pj-3UZeMM74Q3tsTHpZFoYMRNIDnSq9h1yaQH6ACcXfAoByG9Ilcl75iFttNlxwaya6ZcG95m2ONhkfrKGOFRFMR_z07', 'width': 4032}]",ChIJhwBusf62zTERn_OoK9ZER7Y,"{'compound_code': 'WMC4+8M Cyberjaya, Selangor', 'global_code': '6PJ3WMC4+8M'}",4.3,ChIJhwBusf62zTERn_OoK9ZER7Y,GOOGLE,"['restaurant', 'food', 'point_of_interest', 'establishment']",1015,"Prima Avenue, Prima 4, 3513, Jalan Teknokrat 5, Cyber 5, Cyberjaya",2.0
OPERATIONAL,"{'location': {'lat': 2.925385, 'lng': 101.6568576}, 'viewport': {'northeast': {'lat': 2.926755529892722, 'lng': 101.6582804798927}, 'southwest': {'lat': 2.924055870107277, 'lng': 101.6555808201073}}}",https://maps.gstatic.com/mapfiles/place_api/icons/v1/png_71/restaurant-71.png,#FF9E67,https://maps.gstatic.com/mapfiles/place_api/icons/v2/restaurant_pinlet,Food Kingdom,{'open_now': False},"[{'height': 1080, 'html_attributions': ['<a href=""https://maps.google.com/maps/contrib/104296844477424341490"">Fairoz Khan</a>'], 'photo_reference': 'AW30NDwFthuzj8K-imIjdG6FriNuZTqidcN8m_Bf2Az8MGYBOsokcBQIxI-4iMa2TIWt2UfADQVYqFLDEPn7Nt2xGymQVVSJhczhfhaq3GXZKoowKRj3nqadrIRwNJK66kuE7vIW7jbaTsdf0AcKCckpitRi4L8nF0Dd2G0uhvUpwH8QJmIK', 'width': 1080}]",ChIJOVJi6Pm2zTER7jpXaXPnmMI,"{'compound_code': 'WMG4+5P Cyberjaya, Selangor', 'global_code': '6PJ3WMG4+5P'}",3.7,ChIJOVJi6Pm2zTER7jpXaXPnmMI,GOOGLE,"['restaurant', 'food', 'point_of_interest', 'establishment']",6,Cyberjaya,
OPERATIONAL,"{'location': {'lat': 2.929302, 'lng': 101.6409051}, 'viewport': {'northeast': {'lat': 2.930575279892722, 'lng': 101.6422936798927}, 'southwest': {'lat': 2.927875620107278, 'lng': 101.6395940201073}}}",https://maps.gstatic.com/mapfiles/place_api/icons/v1/png_71/restaurant-71.png,#FF9E67,https://maps.gstatic.com/mapfiles/place_api/icons/v2/restaurant_pinlet,The Royal Tandoori,{'open_now': False},"[{'height': 3120, 'html_attributions': ['<a href=""https://maps.google.com/maps/contrib/100434449067616981046"">Muhammad Farooq</a>'], 'photo_reference': 'AW30NDwwmsCLvGhNOclHwcRnMAhdD_XXUZwkwIcjpgwODb_LAvWifl9GSxws6WJlQjwwLh4dhs1GTlYz-P74zEX7XzZ4xqZrwcqz-JZKr3gtJ4AG1j4ueEXJvUITm---6cAvrSs7NPUcXGr1KeE8Vfzj3pkP4UNpGATgc6C7owrFyupxhONg', 'width': 4160}]",ChIJl-92w-i2zTERifFOJK4zD3w,,4.3,ChIJl-92w-i2zTERifFOJK4zD3w,GOOGLE,"['restaurant', 'food', 'point_of_interest', 'establishment']",85,"WJHR+M9, Cyberjaya",1.0
OPERATIONAL,"{'location': {'lat': 2.9222471, 'lng': 101.6513806}, 'viewport': {'northeast': {'lat': 2.923736029892722, 'lng': 101.6527311798927}, 'southwest': {'lat': 2.921036370107277, 'lng': 101.6500315201073}}}",https://maps.gstatic.com/mapfiles/place_api/icons/v1/png_71/restaurant-71.png,#FF9E67,https://maps.gstatic.com/mapfiles/place_api/icons/v2/restaurant_pinlet,Chunz,{'open_now': False},"[{'height': 4000, 'html_attributions': ['<a href=""https://maps.google.com/maps/contrib/109883766179395839736"">Yogeswaran Gurusamy</a>'], 'photo_reference': 'AW30NDy3lpOtEAcXpsba6xc05cvOt3rVPmr8qH_bb0dE3txOIOf0YwVdyOyYQarF5fD4O7VhwBgL_PONQH4IcDybf221WHuQewrwza0CFPmckiwAmPPdlpeER391OIrcPpihI03k1p4fY-sJ4YF9Z3FccjpJ7D-EF67U4aojqCtr-dj6GrFy', 'width': 3000}]",ChIJtbENaU-3zTEREDPWZn6h7mw,"{'compound_code': 'WMC2+VH Cyberjaya, Selangor', 'global_code': '6PJ3WMC2+VH'}",3.3,ChIJtbENaU-3zTEREDPWZn6h7mw,GOOGLE,"['restaurant', 'food', 'point_of_interest', 'establishment']",3,"Lot G-13A, DPulze Shopping Centre, Lingkaran Cyber Point Timur, Cyber 12, Cyberjaya",
OPERATIONAL,"{'location': {'lat': 2.9220193, 'lng': 101.6507481}, 'viewport': {'northeast': {'lat': 2.923080279892722, 'lng': 101.6521671298927}, 'southwest': {'lat': 2.920380620107277, 'lng': 101.6494674701073}}}",https://maps.gstatic.com/mapfiles/place_api/icons/v1/png_71/restaurant-71.png,#FF9E67,https://maps.gstatic.com/mapfiles/place_api/icons/v2/restaurant_pinlet,I Love Yoo! Dpulze,{'open_now': False},"[{'height': 3000, 'html_attributions': ['<a href=""https://maps.google.com/maps/contrib/109549434830370111854"">Rohibul Sabri Abas</a>'], 'photo_reference': 'AW30NDzmL2cS5y_XPGO75ryloILcXudt0QPKZSVc5EWx0kE0tMjx2nk1A7yNY7Q1OfpN5rAJ3swu0hZFc4jAwOKewBBII9cnS7b45MW1e8Df5AF9rKcXAseqwFb9EfhYmvTrGdlWVA05HUtyjMNzmEZDnGI4Zo0LL4E2i-Dien8nKhBel6Oy', 'width': 4000}]",ChIJGUsW0Vq3zTERQ11_zGUEGlk,"{'compound_code': 'WMC2+R7 Cyberjaya, Selangor', 'global_code': '6PJ3WMC2+R7'}",3.0,ChIJGUsW0Vq3zTERQ11_zGUEGlk,GOOGLE,"['restaurant', 'food', 'point_of_interest', 'establishment']",8,"LCK-03A, DPULZE Shopping Centre, Persiaran Multimedia, Cyberjaya",
OPERATIONAL,"{'location': {'lat': 2.9245636, 'lng': 101.6570618}, 'viewport': {'northeast': {'lat': 2.925905079892722, 'lng': 101.6584628798927}, 'southwest': {'lat': 2.923205420107277, 'lng': 101.6557632201073}}}",https://maps.gstatic.com/mapfiles/place_api/icons/v1/png_71/cafe-71.png,#FF9E67,https://maps.gstatic.com/mapfiles/place_api/icons/v2/cafe_pinlet,TIG Cafe - Tenang Is Good Cafe,{'open_now': False},"[{'height': 3024, 'html_attributions': ['<a href=""https://maps.google.com/maps/contrib/115664236712053350250"">A Google User</a>'], 'photo_reference': 'AW30NDwx_iGGanXZ9Ra3241TsKc_D_IqFzghyxak6f_M75XzrgjzGfhV-eVGJ7d5j1f2sF6nO9zUzK1yLBjdEPxxjuG150cHTEb_ol4N75OrK4fn85yAHQos9SlgSTlYZSxpHWi4h5kZ2stTT7iFH6az34lNGsE2lqSxss2oKPvvWsQyKbdg', 'width': 4032}]",ChIJ5UFjeKC3zTERDMVIXJ1Khhk,"{'compound_code': 'WMF4+RR Cyberjaya, Selangor', 'global_code': '6PJ3WMF4+RR'}",4.6,ChIJ5UFjeKC3zTERDMVIXJ1Khhk,GOOGLE,"['cafe', 'meal_delivery', 'meal_takeaway', 'restaurant', 'food', 'point_of_interest', 'establishment']",77,"No. 1, Block F, Jalan GC 3, Glomac Cyberjaya Glomac, Cyberjaya",
OPERATIONAL,"{'location': {'lat': 2.9261053, 'lng': 101.6513973}, 'viewport': {'northeast': {'lat': 2.927453279892722, 'lng': 101.6526911298927}, 'southwest': {'lat': 2.924753620107277, 'lng': 101.6499914701073}}}",https://maps.gstatic.com/mapfiles/place_api/icons/v1/png_71/restaurant-71.png,#FF9E67,https://maps.gstatic.com/mapfiles/place_api/icons/v2/restaurant_pinlet,Salam Noodles,{'open_now': False},"[{'height': 2976, 'html_attributions': ['<a href=""https://maps.google.com/maps/contrib/105670503591477291837"">Nor Azman A Rahman</a>'], 'photo_reference': 'AW30NDyfTidnh2LvJOCoN_Ja8EihraCP_bf33P1uaCofLOikaptgmF9niKh-VHZvLuqs0dcz5XL-NTrN_sskbEh4COAaJjyUZdMLoDlkoWqiz1FrCiPENXY9jyHleSfztquv3AIZfiIzMCCYvJA7AMTChVv746HgfjYzxyiTx420rpm7wxY-', 'width': 3968}]",ChIJKTJGnvq2zTERXwT8dROg3T0,"{'compound_code': 'WMG2+CH Cyberjaya, Selangor', 'global_code': '6PJ3WMG2+CH'}",4.2,ChIJKTJGnvq2zTERXwT8dROg3T0,GOOGLE,"['restaurant', 'food', 'point_of_interest', 'establishment']",2174,"4810-0-42, 2, Persiaran Flora, Cyberjaya",1.0
OPERATIONAL,"{'location': {'lat': 2.924608, 'lng': 101.655998}, 'viewport': {'northeast': {'lat': 2.925957729892722, 'lng': 101.6573087298927}, 'southwest': {'lat': 2.923258070107278, 'lng': 101.6546090701073}}}",https://maps.gstatic.com/mapfiles/place_api/icons/v1/png_71/restaurant-71.png,#FF9E67,https://maps.gstatic.com/mapfiles/place_api/icons/v2/restaurant_pinlet,Nasi Kandar Pelita,{'open_now': True},"[{'height': 2248, 'html_attributions': ['<a href=""https://maps.google.com/maps/contrib/104563466004844877678"">Sharizad Effendy</a>'], 'photo_reference': 'AW30NDyr3DRjywopi-HhqGNaUwMlm4hX3iNqx59fcRedYOGCrM3lRmqykbK0O2GgmNyv2h2jtRvV-aA1mxj63MyyA7GOStrd_AQzs3omr3ccfvCTH-9JW3lB4RS68qvK4frlg3TwayCbFu2NkG8tdNsZvLQuGiQObG_pPE6ZJQsZkosONlcr', 'width': 4000}]",ChIJU7_mxvu2zTERVcWOJzwPeT4,"{'compound_code': 'WMF4+R9 Cyberjaya, Selangor', 'global_code': '6PJ3WMF4+R9'}",3.7,ChIJU7_mxvu2zTERVcWOJzwPeT4,GOOGLE,"['restaurant', 'food', 'point_of_interest', 'establishment']",2917,"No. C-0-1 & C-0-2, Blok C, Jalan GC 1, Jalan Teknokrat 3, Glomac, Cyber 12, Cyberjaya",2.0
OPERATIONAL,"{'location': {'lat': 2.915327, 'lng': 101.6506536}, 'viewport': {'northeast': {'lat': 2.916725229892723, 'lng': 101.6520198798927}, 'southwest': {'lat': 2.914025570107278, 'lng': 101.6493202201073}}}",https://maps.gstatic.com/mapfiles/place_api/icons/v1/png_71/restaurant-71.png,#FF9E67,https://maps.gstatic.com/mapfiles/place_api/icons/v2/restaurant_pinlet,COODOO MY,{'open_now': True},"[{'height': 1702, 'html_attributions': ['<a href=""https://maps.google.com/maps/contrib/103827853755810438262"">A Google User</a>'], 'photo_reference': 'AW30NDx6AFPSQU-cgJe6CB9bcfzz9-3nMZaY-v09AWGV0VZvw7XRDIIBVD8JSHN4q7ex__r2mKdZZh6uypHrWSzmj317ieaEjH0zZqdqrC2Pc_Rw6NV5KTM5UaRsDQesu1Y5u01wunm3ZpPQ_wtEGCwEXEkZdOZmhNcLxZLr9JoSfbvB6LQ', 'width': 3024}]",ChIJj3Sam8O3zTERfQ_EuWdA56Y,"{'compound_code': 'WM82+47 Cyberjaya, Selangor', 'global_code': '6PJ3WM82+47'}",4.6,ChIJj3Sam8O3zTERfQ_EuWdA56Y,GOOGLE,"['restaurant', 'food', 'point_of_interest', 'establishment']",5,"63-G, Lingkaran Cyber Point Barat, Cyberjaya",
OPERATIONAL,"{'location': {'lat': 2.926263, 'lng': 101.6564423}, 'viewport': {'northeast': {'lat': 2.927612829892722, 'lng': 101.6577921298927}, 'southwest': {'lat': 2.924913170107278, 'lng': 101.6550924701073}}}",https://maps.gstatic.com/mapfiles/place_api/icons/v1/png_71/restaurant-71.png,#FF9E67,https://maps.gstatic.com/mapfiles/place_api/icons/v2/restaurant_pinlet,Restaurant All in All,{'open_now': True},"[{'height': 565, 'html_attributions': ['<a href=""https://maps.google.com/maps/contrib/108837880548035764238"">Pregash Sivagnanasingam</a>'], 'photo_reference': 'AW30NDxzSZMB1i9moiXVs9GK3BrKmkCqzRxlRDbkniy_mFTHFHlnyA9rel-c7VG5fMEw6ruJZfaZCoaZqUmWWXY7VefdRxF5i0HkGPZqI1wpM7oOSrcjsMip6vg7UA4vaMkxpG_VNdBevP8SQMrc2hNAoPvy5wxTZvVrlIqcbWeOt4J4Xi1V', 'width': 1080}]",ChIJgx8vV_e2zTERFBF18HX2fMY,"{'compound_code': 'WMG4+GH Cyberjaya, Selangor', 'global_code': '6PJ3WMG4+GH'}",4.2,ChIJgx8vV_e2zTERFBF18HX2fMY,GOOGLE,"['restaurant', 'food', 'point_of_interest', 'establishment']",1058,"Jalan GC 15, Cyberjaya",2.0
OPERATIONAL,"{'location': {'lat': 2.9253414, 'lng': 101.6561418}, 'viewport': {'northeast': {'lat': 2.926694079892722, 'lng': 101.6575133298927}, 'southwest': {'lat': 2.923994420107277, 'lng': 101.6548136701073}}}",https://maps.gstatic.com/mapfiles/place_api/icons/v1/png_71/restaurant-71.png,#FF9E67,https://maps.gstatic.com/mapfiles/place_api/icons/v2/restaurant_pinlet,Cafe on 10 Malay Kitchen,{'open_now': True},"[{'height': 3120, 'html_attributions': ['<a href=""https://maps.google.com/maps/contrib/107059634441410717022"">Damia Hudson</a>'], 'photo_reference': 'AW30NDzldS3NwGbUPPS8ydq3pllTPTRFKwidEi91kfM4oGp3mmY-cyfCLDjnBz2TCpMCU5TXRiOW5Vnn13F8dL9dodOly1ZrsJkf7f4briz-bTKqIlts_TrQIYJApiVo05clE2HbewNhqkV3UzBYcADguPaquKcx_cGDczG91ArhhQ1zTlXk', 'width': 4160}]",ChIJA-hY8Pm2zTERIfq_zXNDGF4,"{'compound_code': 'WMG4+4F Cyberjaya, Selangor', 'global_code': '6PJ3WMG4+4F'}",4.7,ChIJA-hY8Pm2zTERIfq_zXNDGF4,GOOGLE,"['restaurant', 'food', 'point_of_interest', 'establishment']",3,"No A-05, Ground Floor, Jalan Gc1, Glomac,, Cyberjaya",
OPERATIONAL,"{'location': {'lat': 2.9233329, 'lng': 101.6607977}, 'viewport': {'northeast': {'lat': 2.924689429892723, 'lng': 101.6621465798927}, 'southwest': {'lat': 2.921989770107278, 'lng': 101.6594469201073}}}",https://maps.gstatic.com/mapfiles/place_api/icons/v1/png_71/restaurant-71.png,#FF9E67,https://maps.gstatic.com/mapfiles/place_api/icons/v2/restaurant_pinlet,Namo Garden,{'open_now': True},"[{'height': 2268, 'html_attributions': ['<a href=""https://maps.google.com/maps/contrib/115054779392536244608"">Mikuo diepie</a>'], 'photo_reference': 'AW30NDxjHpCJl03VToq-65HgR5uhWqRYbGoZi1d3Xmd5IF5WWTNYIoaYV3nRPeDSeN5c_UxAZ6goEPp2WFqfplZMSJBFcb8z_JNHRrd1zjke47xS8LYV9okvvk-kFMUO5l1KhGecsrws_rW2vqHk_6VueBShEyabVXxlDIeW3aRq5eaQt3S3', 'width': 4032}]",ChIJmYX7Sde3zTERVml4M4DB9wM,"{'compound_code': 'WMF6+88 Cyberjaya, Selangor', 'global_code': '6PJ3WMF6+88'}",4.5,ChIJmYX7Sde3zTERVml4M4DB9wM,GOOGLE,"['restaurant', 'food', 'point_of_interest', 'establishment']",94,"P3A 23, Persiaran Multimedia 6, Cyberjaya",
OPERATIONAL,"{'location': {'lat': 2.9162469, 'lng': 101.6508657}, 'viewport': {'northeast': {'lat': 2.917647529892722, 'lng': 101.6522352298927}, 'southwest': {'lat': 2.914947870107278, 'lng': 101.6495355701073}}}",https://maps.gstatic.com/mapfiles/place_api/icons/v1/png_71/restaurant-71.png,#FF9E67,https://maps.gstatic.com/mapfiles/place_api/icons/v2/restaurant_pinlet,ATOK KITCHEN,{'open_now': True},"[{'height': 3000, 'html_attributions': ['<a href=""https://maps.google.com/maps/contrib/115577131129843940639"">A Google User</a>'], 'photo_reference': 'AW30NDxKL2wuV2TkMXqL0WUrsB111R7i6eZGn5HDC5hOrkqF2TC9Cz-QPggzZ4M1Sv9W0eztfRN5cFcc2buVeXcEvH7Ojio8gbxtwODXoeGc3GndXiZKEa4y87YqLnl1mDnOKpaHqyqEfkzVwrNIqN3MTyhRjlMl_tt3i7wTWfbsOgyHuRVW', 'width': 4000}]",ChIJr7AuOdlJzDERHAnKCIu-j9Q,"{'compound_code': 'WM82+F8 Cyberjaya, Selangor', 'global_code': '6PJ3WM82+F8'}",3.7,ChIJr7AuOdlJzDERHAnKCIu-j9Q,GOOGLE,"['restaurant', 'food', 'point_of_interest', 'establishment']",3,"33G, Lingkaran Cyber Point Barat, Neo Cyber, Cyberjaya",
OPERATIONAL,"{'location': {'lat': 2.9197563, 'lng': 101.6362876}, 'viewport': {'northeast': {'lat': 2.921197829892722, 'lng': 101.6376349298927}, 'southwest': {'lat': 2.918498170107278, 'lng': 101.6349352701073}}}",https://maps.gstatic.com/mapfiles/place_api/icons/v1/png_71/restaurant-71.png,#FF9E67,https://maps.gstatic.com/mapfiles/place_api/icons/v2/restaurant_pinlet,Poké Village Cyberjaya,{'open_now': False},"[{'height': 3024, 'html_attributions': ['<a href=""https://maps.google.com/maps/contrib/112054014351416966930"">A Google User</a>'], 'photo_reference': 'AW30NDy0f0GHp8hoa9zd0mG8d5kt7fv4H8rHq-QoMCMV76kLKpQLB8kCNlTiX5M77NIgam9SpIxvRQ6IfzGk50ud5kfDcgy05wL6Yu5-2mBh02rRT5aRaoolri82GHTN59pRkIjXAd5uWrH0Fd3J_2lHu70kZQybjL4B_qzBpop21C14vpa9', 'width': 4032}]",ChIJgWQdpCe3zTERHZrZrFxIFY4,"{'compound_code': 'WJ9P+WG Cyberjaya, Selangor', 'global_code': '6PJ3WJ9P+WG'}",4.5,ChIJgWQdpCe3zTERHZrZrFxIFY4,GOOGLE,"['restaurant', 'food', 'point_of_interest', 'establishment']",84,"03-01 & 03-01A Tamarind Square, Persiaran Multimedia, Cyber 10, Cyberjaya",
OPERATIONAL,"{'location': {'lat': 2.9201818, 'lng': 101.6360382}, 'viewport': {'northeast': {'lat': 2.921524579892722, 'lng': 101.6373029298927}, 'southwest': {'lat': 2.918824920107277, 'lng': 101.6346032701073}}}",https://maps.gstatic.com/mapfiles/place_api/icons/v1/png_71/restaurant-71.png,#FF9E67,https://maps.gstatic.com/mapfiles/place_api/icons/v2/restaurant_pinlet,Burger King Tamarind Square,{'open_now': False},"[{'height': 4032, 'html_attributions': ['<a href=""https://maps.google.com/maps/contrib/103342615176931797014"">Gee Azi</a>'], 'photo_reference': 'AW30NDxnaRSzTvWMzyNQBmIizRNer2vAVRNraG_uAyOQKXp6DTZtEl_5F62rZHDTMFIomVL8246AmDGaLjqnetY0N2IkjtahAupkIdHOb2ROi-C13N7yK0Etz9S7NQUnmgKYLWf_zJR9kntv6oyiSi4HQ2ND3HO8VMOqv0XOi1uAH5MMXfxT', 'width': 3024}]",ChIJMWwvW8a3zTERoRdN3zooR0s,"{'compound_code': 'WJCP+3C Cyberjaya, Selangor', 'global_code': '6PJ3WJCP+3C'}",3.2,ChIJMWwvW8a3zTERoRdN3zooR0s,GOOGLE,"['restaurant', 'food', 'point_of_interest', 'establishment']",297,"D3-03-07, Tamarind Square, Persiaran Multimedia, Cyber 11, Cyberjaya",2.0
OPERATIONAL,"{'location': {'lat': 2.9218744, 'lng': 101.6509996}, 'viewport': {'northeast': {'lat': 2.923157929892722, 'lng': 101.6524202798927}, 'southwest': {'lat': 2.920458270107278, 'lng': 101.6497206201073}}}",https://maps.gstatic.com/mapfiles/place_api/icons/v1/png_71/restaurant-71.png,#FF9E67,https://maps.gstatic.com/mapfiles/place_api/icons/v2/restaurant_pinlet,Nando's @ DPulze Shopping Centre,{'open_now': False},"[{'height': 4229, 'html_attributions': ['<a href=""https://maps.google.com/maps/contrib/114008285355069526996"">Nando&#39;s Cyberjaya</a>'], 'photo_reference': 'AW30NDwv7WloLPFn0lg-pyz6pfj9MLwbf84lGnYdPl1FW415mSviSu13d380r-IFYJdLS0jFjBjOLe7CEbJjrmTgwF0QjyKt8BmRoDcNdS9Fxb0BjlzrH34HKzvCr-aX1tgH4XWWBXJ3hhUgMhGxKM-2UwLUY1_8Fl9BFY6N-cmnEEnx0dTT', 'width': 4229}]",ChIJ1zmU6vm2zTERVVsRu8plr78,"{'compound_code': 'WMC2+P9 Cyberjaya, Selangor', 'global_code': '6PJ3WMC2+P9'}",3.9,ChIJ1zmU6vm2zTERVVsRu8plr78,GOOGLE,"['restaurant', 'food', 'point_of_interest', 'establishment']",800,"Lot G-25, DPULZE Shopping Centre, Lingkaran Cyber Point Timur, Cyberjaya",2.0
OPERATIONAL,"{'location': {'lat': 2.9222385, 'lng': 101.6505309}, 'viewport': {'northeast': {'lat': 2.923790829892723, 'lng': 101.6518752798927}, 'southwest': {'lat': 2.921091170107278, 'lng': 101.6491756201073}}}",https://maps.gstatic.com/mapfiles/place_api/icons/v1/png_71/restaurant-71.png,#FF9E67,https://maps.gstatic.com/mapfiles/place_api/icons/v2/restaurant_pinlet,Restoran Sana Sini @ DPulze Shopping Centre,{'open_now': False},"[{'height': 3024, 'html_attributions': ['<a href=""https://maps.google.com/maps/contrib/110240935280299572071"">mmmaak</a>'], 'photo_reference': 'AW30NDwFOiHQSSjbgmM7YmlAsdqQF7-4Mc5ISd_69YICgPJ-bRGvm7HjrbrVRJiShPn6vyh2y26Ze2py1SB9FWnqs82hHimf0eUCHMRBFXLZwXJN4A3DHB-p4v2xLOwh8_WeQo57ZpHOABNKM-R-2XUjWaALFUAVaCIFzw_8J71hZb3ffbS5', 'width': 4032}]",ChIJ2djsSPu2zTERuGWqzQylKYc,"{'compound_code': 'WMC2+V6 Cyberjaya, Selangor', 'global_code': '6PJ3WMC2+V6'}",4.1,ChIJ2djsSPu2zTERuGWqzQylKYc,GOOGLE,"['restaurant', 'food', 'point_of_interest', 'establishment']",701,"DPulze Shopping Centre, Cyberjaya",
OPERATIONAL,"{'location': {'lat': 2.9218055, 'lng': 101.6507314}, 'viewport': {'northeast': {'lat': 2.922966279892722, 'lng': 101.6521323798927}, 'southwest': {'lat': 2.920266620107277, 'lng': 101.6494327201073}}}",https://maps.gstatic.com/mapfiles/place_api/icons/v1/png_71/restaurant-71.png,#FF9E67,https://maps.gstatic.com/mapfiles/place_api/icons/v2/restaurant_pinlet,Stuff'd @ DPULZE,{'open_now': False},"[{'height': 2600, 'html_attributions': ['<a href=""https://maps.google.com/maps/contrib/114381073698041708281"">ちのまさおみ</a>'], 'photo_reference': 'AW30NDxHCdIRETSL285bny69KjCtz7qiFVDN9MKoXN_g90t0UqykoTtmc4FhzMLjO8uAv_xVdczqAVyta2ysyDnA04tNT0OEo2JmFppxZqiwTWNR7o7lEA9mw91o8BFdly6x6T8fKKY3h_8HKvgSyOTzPOnkhydrV6XW9gAn74S8Eadr-_36', 'width': 4624}]",ChIJyYRb7wm3zTERIMMNE_RIN3Y,"{'compound_code': 'WMC2+P7 Cyberjaya, Selangor', 'global_code': '6PJ3WMC2+P7'}",3.8,ChIJyYRb7wm3zTERIMMNE_RIN3Y,GOOGLE,"['restaurant', 'food', 'point_of_interest', 'establishment']",33,"Lot UG-22, DPULZE Shopping Centre, Persiaran Multimedia, Cyber 12, Cyberjaya",
OPERATIONAL,"{'location': {'lat': 2.9085152, 'lng': 101.6568096}, 'viewport': {'northeast': {'lat': 2.909964529892723, 'lng': 101.6581383298927}, 'southwest': {'lat': 2.907264870107278, 'lng': 101.6554386701073}}}",https://maps.gstatic.com/mapfiles/place_api/icons/v1/png_71/restaurant-71.png,#FF9E67,https://maps.gstatic.com/mapfiles/place_api/icons/v2/restaurant_pinlet,Baphak Burger,{'open_now': False},"[{'height': 4032, 'html_attributions': ['<a href=""https://maps.google.com/maps/contrib/108838587462815501429"">108838587462815501429</a>'], 'photo_reference': 'AW30NDyuSY4C6nqvMGCwFMFQd032A8vHFRH6j8x7XxVyfAh3ueeaO54XyYfwO8JJs4BDnzGtkgtj05e1674qtbwMP5SCJZHpda5ZhW7iQlwG9aPE_Sff99Ca1TFoFWkIv2KRcVrBLQKmonfbqtoK6wAx93cH5IoBvSoA8gJoWUhncOsc1dMO', 'width': 2268}]",ChIJ5zeyILO3zTERgTsussaoLHI,"{'compound_code': 'WM54+CP Cyberjaya, Selangor', 'global_code': '6PJ3WM54+CP'}",5.0,ChIJ5zeyILO3zTERgTsussaoLHI,GOOGLE,"['restaurant', 'food', 'point_of_interest', 'establishment']",2,"F2, RT6 RekaScape, Persiaran Apec, Cyber 8, Cyberjaya",
OPERATIONAL,"{'location': {'lat': 2.9259666, 'lng': 101.651002}, 'viewport': {'northeast': {'lat': 2.927314129892722, 'lng': 101.6523245298927}, 'southwest': {'lat': 2.924614470107278, 'lng': 101.6496248701073}}}",https://maps.gstatic.com/mapfiles/place_api/icons/v1/png_71/restaurant-71.png,#FF9E67,https://maps.gstatic.com/mapfiles/place_api/icons/v2/restaurant_pinlet,Restoran Nasi Kukus Famosa,{'open_now': False},"[{'height': 1080, 'html_attributions': ['<a href=""https://maps.google.com/maps/contrib/113397738917182780791"">Saiful Bohari</a>'], 'photo_reference': 'AW30NDxGh4MDspz78PTZQUwvljM9rOK2q37mTmVGc9x7auvm5PujGaRQAYzetiDrfAD5v1V_24vqlIXto17H_eCBzjlkHxrQIzwIfTXgHXP62nW_tpvJacJZV81gp2kxNP3LmNrz_aqsjc0zglu5LS76Xfkh4J3Vc_cyqBlGkpCR_kKhtMnn', 'width': 1920}]",ChIJ_zmBn_q2zTERwdmZwNAYvHU,"{'compound_code': 'WMG2+9C Cyberjaya, Selangor', 'global_code': '6PJ3WMG2+9C'}",4.5,ChIJ_zmBn_q2zTERwdmZwNAYvHU,GOOGLE,"['restaurant', 'food', 'point_of_interest', 'establishment']",646,"4807-0-15 CBD Perdana, Persiaran Flora, 2, Jln Perdana, Cyber 12, Cyberjaya",2.0
OPERATIONAL,"{'location': {'lat': 2.9222443, 'lng': 101.6513194}, 'viewport': {'northeast': {'lat': 2.923734779892722, 'lng': 101.6526699798927}, 'southwest': {'lat': 2.921035120107277, 'lng': 101.6499703201073}}}",https://maps.gstatic.com/mapfiles/place_api/icons/v1/png_71/restaurant-71.png,#FF9E67,https://maps.gstatic.com/mapfiles/place_api/icons/v2/restaurant_pinlet,Pop Meals @ DPulze Cyberjaya,{'open_now': False},"[{'height': 3448, 'html_attributions': ['<a href=""https://maps.google.com/maps/contrib/112151564683813743217"">A Google User</a>'], 'photo_reference': 'AW30NDwV0oElX-VUm2Krrr-TrlHO4RJeXGigGLEHAl4rvPgQR3voZgzvr1yXU45-qKLVBVeTDlJlvt0S2lt-fHXT_5yWJEu-QyP3lGQlr3J2vV8xBMEOHZramiRk_B0DdrKf1fwKkYt9-bZRkdXLOwod_GChUzJp_fx6OkNJTIKlRK9HvLYJ', 'width': 5168}]",ChIJk_PKV_q3zTER1lhFbzDuSGo,"{'compound_code': 'WMC2+VG Cyberjaya, Selangor', 'global_code': '6PJ3WMC2+VG'}",4.5,ChIJk_PKV_q3zTER1lhFbzDuSGo,GOOGLE,"['restaurant', 'food', 'point_of_interest', 'establishment']",152,"Lot LG-22, DPULZE Shopping Centre, Persiaran Multimedia, Cyber 12, Cyberjaya",
OPERATIONAL,"{'location': {'lat': 2.9210202, 'lng': 101.6568459}, 'viewport': {'northeast': {'lat': 2.922368529892723, 'lng': 101.6581848798927}, 'southwest': {'lat': 2.919668870107278, 'lng': 101.6554852201073}}}",https://maps.gstatic.com/mapfiles/place_api/icons/v1/png_71/restaurant-71.png,#FF9E67,https://maps.gstatic.com/mapfiles/place_api/icons/v2/restaurant_pinlet,Pop Meals @ Prima Avenue,{'open_now': False},"[{'height': 3024, 'html_attributions': ['<a href=""https://maps.google.com/maps/contrib/113698598166014657830"">azizsheq</a>'], 'photo_reference': 'AW30NDzCT5ATT3wpyOPZaapKeFdArj8E_2Vhq_NuCy_jbaDZtDtf4KR6-EmnUO279LMeAHowVYlhx5BBzBjNls8tDT5UurCn8Ked4_UoZweAeIPzztCc13LjcL2gkgKssbqkvm3yeRCszDkCSxvK-JgLs1mjgQRYNxB7sNgITLd-iwUYXNCO', 'width': 4032}]",ChIJZxo7wGO3zTERMxwjQLjLt_U,"{'compound_code': 'WMC4+CP Cyberjaya, Selangor', 'global_code': '6PJ3WMC4+CP'}",4.8,ChIJZxo7wGO3zTERMxwjQLjLt_U,GOOGLE,"['restaurant', 'food', 'point_of_interest', 'establishment']",228,"Block 3503, Prima, 3, Jalan Teknokrat 5, Cyberjaya",
OPERATIONAL,"{'location': {'lat': 2.9213455, 'lng': 101.6563331}, 'viewport': {'northeast': {'lat': 2.922696829892722, 'lng': 101.6577056298927}, 'southwest': {'lat': 2.919997170107278, 'lng': 101.6550059701073}}}",https://maps.gstatic.com/mapfiles/place_api/icons/v1/png_71/restaurant-71.png,#FF9E67,https://maps.gstatic.com/mapfiles/place_api/icons/v2/restaurant_pinlet,Kitchen Village,{'open_now': False},"[{'height': 2268, 'html_attributions': ['<a href=""https://maps.google.com/maps/contrib/103760174824502320660"">Hari Maurya</a>'], 'photo_reference': 'AW30NDySQFBtY6o03oCjnW2RT2bN2sNnRZwwPKt3tAqKylJ9f4U-98Q3dU_Z9c5NyUsLrLdW17B15tf1PZ22YEhsNKWLUlu2h8F8HhN-PEbkiv7HwxYyepwn88zZcqhQUXXKBXC4G1SEMJyS35nXquT1cXtpc7P9hNGkroI9LlfNwAJodFX0', 'width': 4032}]",ChIJAxBlTPm2zTERStswtv0Now4,"{'compound_code': 'WMC4+GH Cyberjaya, Selangor', 'global_code': '6PJ3WMC4+GH'}",4.2,ChIJAxBlTPm2zTERStswtv0Now4,GOOGLE,"['restaurant', 'food', 'point_of_interest', 'establishment']",394,"Prima Avenue, 3503, Jalan Teknokrat 5, Cyberjaya",2.0
OPERATIONAL,"{'location': {'lat': 2.9203096, 'lng': 101.6372226}, 'viewport': {'northeast': {'lat': 2.921660929892722, 'lng': 101.6386510298927}, 'southwest': {'lat': 2.918961270107277, 'lng': 101.6359513701073}}}",https://maps.gstatic.com/mapfiles/place_api/icons/v1/png_71/restaurant-71.png,#FF9E67,https://maps.gstatic.com/mapfiles/place_api/icons/v2/restaurant_pinlet,Diem Canteen,{'open_now': False},"[{'height': 1719, 'html_attributions': ['<a href=""https://maps.google.com/maps/contrib/104932971443922766674"">A Google User</a>'], 'photo_reference': 'AW30NDz_dXM-LS0jt1eSgTZSwDYCNJJrOWbAhz0FruhkoC8hQ4jUVQRuweVU9Tr3g1zuG1clEd0Xp8Z6E0XwxK1zOTzH2BXCbBLP_VZh4b8y_0rwfn8IfGUyJoqeDC7pxBcJEagYw4sdy27XAkRh7jaya9OobBa45pouznXE9KoC9jRcDZle', 'width': 1652}]",ChIJM4JMO8a3zTERsI6I2Sd8fi8,"{'compound_code': 'WJCP+4V Cyberjaya, Selangor', 'global_code': '6PJ3WJCP+4V'}",4.4,ChIJM4JMO8a3zTERsI6I2Sd8fi8,GOOGLE,"['restaurant', 'food', 'point_of_interest', 'establishment']",68,"B-01-07 Tamarind Square, Persiaran Multimedia, Cyber 11, Cyberjaya",
OPERATIONAL,"{'location': {'lat': 2.921947, 'lng': 101.6514288}, 'viewport': {'northeast': {'lat': 2.923247829892722, 'lng': 101.6527908798927}, 'southwest': {'lat': 2.920548170107278, 'lng': 101.6500912201073}}}",https://maps.gstatic.com/mapfiles/place_api/icons/v1/png_71/restaurant-71.png,#FF9E67,https://maps.gstatic.com/mapfiles/place_api/icons/v2/restaurant_pinlet,"GO Noodle House, DPULZE",{'open_now': False},"[{'height': 2268, 'html_attributions': ['<a href=""https://maps.google.com/maps/contrib/112989379402138821902"">Alan Tiong Et-Ming</a>'], 'photo_reference': 'AW30NDxy0E4N5CmTMZDqHu_-p_JrJIUR3uwU_2cf-XjkLDagBOMzlDO8DObC8DBPH5K3Vku3JvRiERIgBCIDjxn1aV6Hx3gvRO_0MvMVl5ayl5uAdOPAYOsQx2-Y_6n6VNvTRU9QMzQFxorthxGXSnnshCVrnKi-7VKzxoNkT287G81wRXlb', 'width': 4032}]",ChIJParzRvu2zTERftEvSv9D7sk,"{'compound_code': 'WMC2+QH Cyberjaya, Selangor', 'global_code': '6PJ3WMC2+QH'}",3.2,ChIJParzRvu2zTERftEvSv9D7sk,GOOGLE,"['restaurant', 'food', 'point_of_interest', 'establishment']",80,"Lot G19 DPulze Shopping Centre, Lingkaran Cyber Point Timur, Cyber 12, Cyberjaya",2.0
OPERATIONAL,"{'location': {'lat': 2.931007, 'lng': 101.6377862}, 'viewport': {'northeast': {'lat': 2.932215779892722, 'lng': 101.6389412798927}, 'southwest': {'lat': 2.929516120107277, 'lng': 101.6362416201073}}}",https://maps.gstatic.com/mapfiles/place_api/icons/v1/png_71/restaurant-71.png,#FF9E67,https://maps.gstatic.com/mapfiles/place_api/icons/v2/restaurant_pinlet,Delish Cafe,{'open_now': False},"[{'height': 1080, 'html_attributions': ['<a href=""https://maps.google.com/maps/contrib/106643201464332642283"">shakeer rahim</a>'], 'photo_reference': 'AW30NDwIthR6MG74rwtnPAlnaD7EWJHv7l5mlL_MZjKbU7qZsI8K0XZUTE4eXn2fFapLufbEOvPBOry7PFqgG5V6m5okOPjYDFcjjZqRMo5D5RuUpDacFyVcWHjcw6QsWeKFdTE4tZhGxS0oQ3JniWBsjaqIrOJgnfal7Se3QLLggKRDzmkp', 'width': 1080}]",ChIJ4XyLPS-3zTERzoO7uud1Q5E,"{'compound_code': 'WJJP+CQ Cyberjaya, Selangor', 'global_code': '6PJ3WJJP+CQ'}",3.8,ChIJ4XyLPS-3zTERzoO7uud1Q5E,GOOGLE,"['restaurant', 'food', 'point_of_interest', 'establishment']",4,"Level UG, University of, Persiaran Bestari, Cyberjaya",
OPERATIONAL,"{'location': {'lat': 2.9197564, 'lng': 101.6362893}, 'viewport': {'northeast': {'lat': 2.921198679892723, 'lng': 101.6376365298927}, 'southwest': {'lat': 2.918499020107278, 'lng': 101.6349368701073}}}",https://maps.gstatic.com/mapfiles/place_api/icons/v1/png_71/restaurant-71.png,#FF9E67,https://maps.gstatic.com/mapfiles/place_api/icons/v2/restaurant_pinlet,Thai Luck Thai Cuisine (Cyberjaya),{'open_now': False},"[{'height': 3464, 'html_attributions': ['<a href=""https://maps.google.com/maps/contrib/110533482483975620072"">KK Cheong</a>'], 'photo_reference': 'AW30NDzT4g9wox9evMWIBK2WCv3-JGqh7lL2BmPHGGueUS5U2f6391l3WqzbIGTAt9IeyTcAdpxqPlE55aq8EjSc0MuPd8b59GKT8uzu8Vxn10i9aHw9W64FF2KtjrnXXOH2O7rLykgdeegrFLvMHa5lfONFJ81qpWjQlZaQZpNqjNT6KGPg', 'width': 4618}]",ChIJKxo1Udy3zTERaFxs2JWWvwc,"{'compound_code': 'WJ9P+WG Cyberjaya, Selangor', 'global_code': '6PJ3WJ9P+WG'}",4.3,ChIJKxo1Udy3zTERaFxs2JWWvwc,GOOGLE,"['restaurant', 'food', 'point_of_interest', 'establishment']",86,"Lot G03 & Lot G04, 03-01 & 03-01A, Tamarind Square, Persiaran Multimedia Cyber10, Cyberjaya",
OPERATIONAL,"{'location': {'lat': 2.916119, 'lng': 101.650454}, 'viewport': {'northeast': {'lat': 2.917507179892722, 'lng': 101.6518297798927}, 'southwest': {'lat': 2.914807520107277, 'lng': 101.6491301201073}}}",https://maps.gstatic.com/mapfiles/place_api/icons/v1/png_71/generic_business-71.png,#7B9EB0,https://maps.gstatic.com/mapfiles/place_api/icons/v2/generic_pinlet,Mixcafe Smokelounge,{'open_now': True},"[{'height': 4608, 'html_attributions': ['<a href=""https://maps.google.com/maps/contrib/109028556025329417039"">Zhi You Li</a>'], 'photo_reference': 'AW30NDytJjENltNqbuyaLrb5WQiUPESZMej5f0-y0VUE9TU8T1V3FOYMWh-yEMS53P0ToYANXsIdS9IGArDvqtkFR4Mvd0T1S-If-SoSMTuKpTH80yDJFpc_wK50jGHCULv_rXF0FwseVWn0_x4_jY-tgxw-RYBpFl7qsKIm7D1LToMqfVET', 'width': 3456}]",ChIJkZBuU_22zTER1XPgAp0cfKA,"{'compound_code': 'WM82+C5 Cyberjaya, Selangor', 'global_code': '6PJ3WM82+C5'}",4.3,ChIJkZBuU_22zTER1XPgAp0cfKA,GOOGLE,"['cafe', 'bar', 'restaurant', 'food', 'point_of_interest', 'establishment']",311,"Lingkaran Cyber Point Barat, Cyberjaya",
OPERATIONAL,"{'location': {'lat': 2.9174812, 'lng': 101.649781}, 'viewport': {'northeast': {'lat': 2.918820429892722, 'lng': 101.6511011298927}, 'southwest': {'lat': 2.916120770107278, 'lng': 101.6484014701073}}}",https://maps.gstatic.com/mapfiles/place_api/icons/v1/png_71/restaurant-71.png,#FF9E67,https://maps.gstatic.com/mapfiles/place_api/icons/v2/restaurant_pinlet,Fire Show Arabic Cuisines,{'open_now': True},"[{'height': 4000, 'html_attributions': ['<a href=""https://maps.google.com/maps/contrib/105621913881358441236"">syazwan haziq</a>'], 'photo_reference': 'AW30NDy5R0MR6QrnmpK4n-MD7jBKCIgq2AZY8nKThMNrod-nW95GsZlmTNpqIX_cpowUf3vk1wBF_bSjsu2TUf2IK7UnxJV1ia01r1IAG9QGtMsStOsmyXhLAtY7ICfk3eBaD2l0K8He4VcQ_2scL2PoRmqgV1mrTOxM9Uf1dCmu_Cdq82nn', 'width': 3000}]",ChIJFW0TJSO3zTERWU_Kz9Ob3Zg,"{'compound_code': 'WJ8X+XW Cyberjaya, Selangor', 'global_code': '6PJ3WJ8X+XW'}",3.7,ChIJFW0TJSO3zTERWU_Kz9Ob3Zg,GOOGLE,"['restaurant', 'food', 'point_of_interest', 'establishment']",3,"12G, Lingkaran Cyber Point Barat, Neo Cyber, Cyberjaya",
OPERATIONAL,"{'location': {'lat': 2.9277219, 'lng': 101.643105}, 'viewport': {'northeast': {'lat': 2.929105329892722, 'lng': 101.6445650798927}, 'southwest': {'lat': 2.926405670107278, 'lng': 101.6418654201073}}}",https://maps.gstatic.com/mapfiles/place_api/icons/v1/png_71/restaurant-71.png,#FF9E67,https://maps.gstatic.com/mapfiles/place_api/icons/v2/restaurant_pinlet,MMU Starbees,{'open_now': True},"[{'height': 2560, 'html_attributions': ['<a href=""https://maps.google.com/maps/contrib/115247367645982886666"">manju Sahu</a>'], 'photo_reference': 'AW30NDxqe22RXannOdNv5g5ZBEcAQHPPfSAgZ2_V84Wm1VUt4p9ToJ5c83uTgD9pCcrrzU4GLVk-cKOz3_lFw1HWEgkr_y7GocyPvSe_EwJSj06g49n1TS5CbEs73bB-e4OkbX2lomo6ia_K6wqFMQs2hkDBAA-RcnHzCuX0iEhfmg23LnDq', 'width': 1440}]",ChIJcShgwei2zTERkXarKVKkcqs,"{'compound_code': 'WJHV+36 Cyberjaya, Selangor', 'global_code': '6PJ3WJHV+36'}",3.5,ChIJcShgwei2zTERkXarKVKkcqs,GOOGLE,"['food', 'point_of_interest', 'establishment']",19,"Persiaran Newron, Cyberjaya",
OPERATIONAL,"{'location': {'lat': 2.9259579, 'lng': 101.6566287}, 'viewport': {'northeast': {'lat': 2.927317879892722, 'lng': 101.6580678298927}, 'southwest': {'lat': 2.924618220107277, 'lng': 101.6553681701073}}}",https://maps.gstatic.com/mapfiles/place_api/icons/v1/png_71/restaurant-71.png,#FF9E67,https://maps.gstatic.com/mapfiles/place_api/icons/v2/restaurant_pinlet,Food You Indulge (F.Y.I.),,"[{'height': 2448, 'html_attributions': ['<a href=""https://maps.google.com/maps/contrib/105367996999435515248"">Firdaus Said</a>'], 'photo_reference': 'AW30NDyZ-9A4mYyBdMmF2TQELUBznUDr1xiZ_cwEz6MI18urCw_5Uc-S4BE2LSbguknk_VgKUAvfCxdYMBM4xQuevx6UDsvNf5zJDTZEFG371RbCecOCJFUZvAkFKhtIhs_xaarwjfqg5q2MSZGQu5pOwE7rRJ0kumMLqR0oU0poWpuqSaYI', 'width': 3264}]",ChIJH5yN4fm2zTER3SCvoNXvfUE,"{'compound_code': 'WMG4+9M Cyberjaya, Selangor', 'global_code': '6PJ3WMG4+9M'}",2.3,ChIJH5yN4fm2zTER3SCvoNXvfUE,GOOGLE,"['restaurant', 'food', 'point_of_interest', 'establishment']",4,"i-1, 10, Jalan GC 9, Cyber 11, Cyberjaya",
OPERATIONAL,"{'location': {'lat': 2.9361396, 'lng': 101.6614989}, 'viewport': {'northeast': {'lat': 2.937403329892723, 'lng': 101.6629149298927}, 'southwest': {'lat': 2.934703670107278, 'lng': 101.6602152701073}}}",https://maps.gstatic.com/mapfiles/place_api/icons/v1/png_71/restaurant-71.png,#FF9E67,https://maps.gstatic.com/mapfiles/place_api/icons/v2/restaurant_pinlet,Subway,{'open_now': False},"[{'height': 3024, 'html_attributions': ['<a href=""https://maps.google.com/maps/contrib/116076244033595497295"">Mohd. Hazwan Hussin</a>'], 'photo_reference': 'AW30NDwgQ3x-eketRy8Tfgbl2Eb-tZw2wxIP2m6hOmYqZijRglgZ525wiSJ1k6lGcdr5v0dWwGH03JRuESlLQ7_RQbEoONMyGQC5KczhVzGayxt9DWMpbxao1NkLLT7hubIpi-NGKacd28mp5ofNDS2aG3i9k8k468xN_6agwu9o0sCVxVFn', 'width': 4032}]",ChIJHbnQA2C2zTERGzNFklGlMLM,"{'compound_code': 'WMP6+CJ Cyberjaya, Selangor', 'global_code': '6PJ3WMP6+CJ'}",4.2,ChIJHbnQA2C2zTERGzNFklGlMLM,GOOGLE,"['restaurant', 'food', 'point_of_interest', 'establishment']",818,"Persiaran Apec, Cyberjaya",2.0
OPERATIONAL,"{'location': {'lat': 2.9213084, 'lng': 101.6565715}, 'viewport': {'northeast': {'lat': 2.922766329892722, 'lng': 101.6579119298927}, 'southwest': {'lat': 2.920066670107277, 'lng': 101.6552122701073}}}",https://maps.gstatic.com/mapfiles/place_api/icons/v1/png_71/restaurant-71.png,#FF9E67,https://maps.gstatic.com/mapfiles/place_api/icons/v2/restaurant_pinlet,Jude's Gourmet Burgers,{'open_now': False},"[{'height': 1536, 'html_attributions': ['<a href=""https://maps.google.com/maps/contrib/110043167476784440386"">S. M. Chew</a>'], 'photo_reference': 'AW30NDxGMNsGuPGdUBmd-X0AOY6EX-0r_-TygkXroDWZVTTMvOdu2ir4eBNeIcXqzb0RCkV2HhpYs4TciHyk4W7x-RceYk0PLU_4kF2ifs1HoC0_Xst_8U-6wAVAu65FJviHEbShpTQwae324T4yOYZfaZyIsbUfJ6LldvSSRNEd-c1uqldZ', 'width': 2048}]",ChIJVy_cL123zTERlT9M684w2yw,"{'compound_code': 'WMC4+GJ Cyberjaya, Selangor', 'global_code': '6PJ3WMC4+GJ'}",0.0,ChIJVy_cL123zTERlT9M684w2yw,GOOGLE,"['restaurant', 'food', 'point_of_interest', 'establishment']",0,"Prima Avenue, Jalan Teknokrat 5, Cyberjaya",
OPERATIONAL,"{'location': {'lat': 2.926191900000001, 'lng': 101.6505812}, 'viewport': {'northeast': {'lat': 2.927544579892722, 'lng': 101.6519925298927}, 'southwest': {'lat': 2.924844920107278, 'lng': 101.6492928701073}}}",https://maps.gstatic.com/mapfiles/place_api/icons/v1/png_71/restaurant-71.png,#FF9E67,https://maps.gstatic.com/mapfiles/place_api/icons/v2/restaurant_pinlet,Texas BBQ Barn,{'open_now': False},"[{'height': 3024, 'html_attributions': ['<a href=""https://maps.google.com/maps/contrib/106031281401181800002"">106031281401181800002</a>'], 'photo_reference': 'AW30NDwUhdrx2PBnNZLuGIYSGYDJvsngWMdSCQP8EtBvVZ6Qt_wmKgQ4X_ngCgS5OKdD5QWVMAdSb9BxhY4uvyxn-kePkRKC-ZIkVCAwAtylbhQsJnwQk1Q_67IFbikvxuWdEblR3CGYWlt3eotDEttCnSTFApScNrbXg7m1VgiBJAxhPTYK', 'width': 4032}]",ChIJg-JThbq3zTEReMnjFdDMwj0,"{'compound_code': 'WMG2+F6 Cyberjaya, Selangor', 'global_code': '6PJ3WMG2+F6'}",4.2,ChIJg-JThbq3zTEReMnjFdDMwj0,GOOGLE,"['restaurant', 'food', 'point_of_interest', 'establishment']",154,"F-LG, 3A, Jln Perdana, Cyber 12, Cyberjaya",
OPERATIONAL,"{'location': {'lat': 2.9238872, 'lng': 101.6563723}, 'viewport': {'northeast': {'lat': 2.925274029892722, 'lng': 101.6577253798927}, 'southwest': {'lat': 2.922574370107277, 'lng': 101.6550257201073}}}",https://maps.gstatic.com/mapfiles/place_api/icons/v1/png_71/restaurant-71.png,#FF9E67,https://maps.gstatic.com/mapfiles/place_api/icons/v2/restaurant_pinlet,Mi Familia Cafe,{'open_now': False},"[{'height': 3024, 'html_attributions': ['<a href=""https://maps.google.com/maps/contrib/111876276304436095751"">Wiskurnain Ahmad</a>'], 'photo_reference': 'AW30NDxnWjSJpQoN1YQybEaggzGFMEPJ6kk5evDag-6XJPstCW0jK3laj8nf8wEWleLDhz4MDqWnSFjHXnvdF33qtTk5aKUfTC3CgNAWbU7MG1CAbYRotHJfSCCvSFXNFJvPa-lA3q3DYPNe5P-22IEMFEB0VXsgHNk5B8mkvecmCx_kxtyl', 'width': 4032}]",ChIJU8UzzJq3zTER6UuAgv24iwI,"{'compound_code': 'WMF4+HG Cyberjaya, Selangor', 'global_code': '6PJ3WMF4+HG'}",4.6,ChIJU8UzzJq3zTER6UuAgv24iwI,GOOGLE,"['restaurant', 'food', 'point_of_interest', 'establishment']",190,"6-G, BLOCK E, JALAN GC 4 GLOMAC, Cyber 12, Cyberjaya",
OPERATIONAL,"{'location': {'lat': 2.9219877, 'lng': 101.6511484}, 'viewport': {'northeast': {'lat': 2.923235779892722, 'lng': 101.6525322298927}, 'southwest': {'lat': 2.920536120107277, 'lng': 101.6498325701073}}}",https://maps.gstatic.com/mapfiles/place_api/icons/v1/png_71/restaurant-71.png,#FF9E67,https://maps.gstatic.com/mapfiles/place_api/icons/v2/restaurant_pinlet,FINO PIZA,{'open_now': False},"[{'height': 4032, 'html_attributions': ['<a href=""https://maps.google.com/maps/contrib/100869409230587376950"">A Google User</a>'], 'photo_reference': 'AW30NDxo6uo3JcwEFF2tCuokmCSv6pKmN_ndr1BVvNBR2Hpgi21xmK7z2VlOSVRQo6NqyqbP9ZNUux7rI98YdMXdszBQUgzxZOn6qMszq3WG2XmvhkV8W1qbvk9kZ6hdufM5soOaY5ybBXZKdUiD-01WKpDE3ETcb3-oG-P9mvRb7cJjXt_O', 'width': 3024}]",ChIJsWwsBwG3zTERVawNAflRQdc,"{'compound_code': 'WMC2+QF Cyberjaya, Selangor', 'global_code': '6PJ3WMC2+QF'}",4.0,ChIJsWwsBwG3zTERVawNAflRQdc,GOOGLE,"['restaurant', 'food', 'point_of_interest', 'establishment']",57,"Lot UG 16, DPULZE Shopping Center, Cyberjaya",
OPERATIONAL,"{'location': {'lat': 2.9181622, 'lng': 101.6517032}, 'viewport': {'northeast': {'lat': 2.919477929892722, 'lng': 101.6530018798927}, 'southwest': {'lat': 2.916778270107278, 'lng': 101.6503022201073}}}",https://maps.gstatic.com/mapfiles/place_api/icons/v1/png_71/restaurant-71.png,#FF9E67,https://maps.gstatic.com/mapfiles/place_api/icons/v2/restaurant_pinlet,Jom Corner (J Corner),{'open_now': False},"[{'height': 1968, 'html_attributions': ['<a href=""https://maps.google.com/maps/contrib/113087348522576381128"">fira liya</a>'], 'photo_reference': 'AW30NDyphmPvm93_rv8OuaihKwGUqT8tqc7HmeasR-p42UE2wJ3DSkYv1s3J2sNcM6bM3NbmPzQkrbrmfZ1Q6nb2pPXqfZ6BPN4BWJCwUXdlBuu3HP4UrsgBdvGaF_qalUPCOgIcNv6upBsPNQ16qFSVrxaYE1OqiknvkGrhYejpRAHkZqyJ', 'width': 4144}]",ChIJ_bb_Gf22zTER-wYRa1PtWk0,"{'compound_code': 'WM92+7M Cyberjaya, Selangor', 'global_code': '6PJ3WM92+7M'}",4.1,ChIJ_bb_Gf22zTER-wYRa1PtWk0,GOOGLE,"['restaurant', 'food', 'point_of_interest', 'establishment']",1351,"Lingkaran Cyber Point Timur, Cyber 12, Cyberjaya",1.0
OPERATIONAL,"{'location': {'lat': 2.9248841, 'lng': 101.6510328}, 'viewport': {'northeast': {'lat': 2.926235429892722, 'lng': 101.6523949298927}, 'southwest': {'lat': 2.923535770107278, 'lng': 101.6496952701073}}}",https://maps.gstatic.com/mapfiles/place_api/icons/v1/png_71/restaurant-71.png,#FF9E67,https://maps.gstatic.com/mapfiles/place_api/icons/v2/restaurant_pinlet,Restoran Makang,{'open_now': False},"[{'height': 1908, 'html_attributions': ['<a href=""https://maps.google.com/maps/contrib/105565879335409625702"">Result Seven</a>'], 'photo_reference': 'AW30NDwFCiZ-Akt6FW3LBh3Z08tk-_j2DCdlx86PqxVOtd0PugmpUNnC0FsNtzGhGpEb_miZ5RdqVpkZ4a6R6d6jJnDapb-kjHZoOXLvu8-nuZO_ixCC1wYPsReOYZtZJp0zuHb73_txLrpj_W5Jaga53uUQEtNGAeO4OdC2vCznQf2qK0rf', 'width': 4032}]",ChIJX3hYv_q2zTER8Ixq1Y0vY5s,"{'compound_code': 'WMF2+XC Cyberjaya, Selangor', 'global_code': '6PJ3WMF2+XC'}",4.3,ChIJX3hYv_q2zTER8Ixq1Y0vY5s,GOOGLE,"['restaurant', 'food', 'point_of_interest', 'establishment']",611,Cyberjaya,2.0
OPERATIONAL,"{'location': {'lat': 2.915696, 'lng': 101.6498806}, 'viewport': {'northeast': {'lat': 2.916998979892722, 'lng': 101.6512301298927}, 'southwest': {'lat': 2.914299320107277, 'lng': 101.6485304701073}}}",https://maps.gstatic.com/mapfiles/place_api/icons/v1/png_71/restaurant-71.png,#FF9E67,https://maps.gstatic.com/mapfiles/place_api/icons/v2/restaurant_pinlet,MR K.B Western Foods & Cuisines,{'open_now': False},"[{'height': 3120, 'html_attributions': ['<a href=""https://maps.google.com/maps/contrib/103175550462023790891"">Aswindran Ghanaseharan</a>'], 'photo_reference': 'AW30NDxCAOyXfX7Lf5qpH5w7JSkNpzQj6paHE1aUC5Thw5X1jEUUh5toXjWenF0QwtZaga7TlzPwUinzCHij2y16GsLfK-6frkH2XwEVSO-jHLKjJsbVVjO6A8xegjMM8YkATAzcM-00y3H4dU4hy7hffpB23b9KXm7JhGLbY8lmDXuv2nLJ', 'width': 4160}]",ChIJPxmatAK3zTERYNUZqd9aIg8,"{'compound_code': 'WJ8X+7X Cyberjaya, Selangor', 'global_code': '6PJ3WJ8X+7X'}",4.3,ChIJPxmatAK3zTERYNUZqd9aIg8,GOOGLE,"['restaurant', 'food', 'point_of_interest', 'establishment']",6,Cyberjaya,
OPERATIONAL,"{'location': {'lat': 2.9173029, 'lng': 101.6497343}, 'viewport': {'northeast': {'lat': 2.918670229892723, 'lng': 101.6511331298927}, 'southwest': {'lat': 2.915970570107278, 'lng': 101.6484334701073}}}",https://maps.gstatic.com/mapfiles/place_api/icons/v1/png_71/restaurant-71.png,#FF9E67,https://maps.gstatic.com/mapfiles/place_api/icons/v2/restaurant_pinlet,Sanaa Restaurant Cyberjaya,{'open_now': False},"[{'height': 2250, 'html_attributions': ['<a href=""https://maps.google.com/maps/contrib/104973631149685689493"">Sugih Wijaya</a>'], 'photo_reference': 'AW30NDxMzxWBb_mmbkvQ3lVo8o8jdlan4ggQeoONh-AYUaGKOUBq2SCwI09HDuqIr9NoDhKPAk8cm8JtMkV3UseAybGd-zzm2AnJl4srYWBHWK9j_BdhEzUFaEo_4Rk0mzbJSFGTxZdzvdycUD6OyD9e5edKip_hH-1cV8EkwXhCZw1HDoYq', 'width': 4000}]",ChIJlf-Dw-K2zTER4O3X7XV0bIU,"{'compound_code': 'WJ8X+WV Cyberjaya, Selangor', 'global_code': '6PJ3WJ8X+WV'}",4.1,ChIJlf-Dw-K2zTER4O3X7XV0bIU,GOOGLE,"['restaurant', 'food', 'point_of_interest', 'establishment']",1553,"13-G Block B Neocyber Lingkaran Cyberpoint Barat, Cyberjaya",2.0
OPERATIONAL,"{'location': {'lat': 2.9122192, 'lng': 101.6549224}, 'viewport': {'northeast': {'lat': 2.913776779892722, 'lng': 101.6563277298927}, 'southwest': {'lat': 2.911077120107278, 'lng': 101.6536280701073}}}",https://maps.gstatic.com/mapfiles/place_api/icons/v1/png_71/restaurant-71.png,#FF9E67,https://maps.gstatic.com/mapfiles/place_api/icons/v2/restaurant_pinlet,Tapak Urban Street Dining @Cyberjaya,{'open_now': True},"[{'height': 5664, 'html_attributions': ['<a href=""https://maps.google.com/maps/contrib/115035233768051666128"">atiqa nabilah</a>'], 'photo_reference': 'AW30NDyUgrYF8q-FAQ12NgZAEWTo9iOOEfdtep3DKIl2TA2W-BL7edxUnUQL3DgOww6-QgKTV5LhVh0KPfxlYXVUuHyw_AoR5QwJcRlW3M-Ysz1YyVf3O81NGbRVQpJxany1amb0cux206xUpFzNoOncs6szZYq85BfSMN8_RfdVtumxQx0-', 'width': 4248}]",ChIJ51lxu3e3zTERLGiZLe86G5E,"{'compound_code': 'WM63+VX Cyberjaya, Selangor', 'global_code': '6PJ3WM63+VX'}",4.2,ChIJ51lxu3e3zTERLGiZLe86G5E,GOOGLE,"['restaurant', 'food', 'point_of_interest', 'establishment']",979,"Cyberjaya Park & Ride Parking Space, Cyberjaya",
OPERATIONAL,"{'location': {'lat': 2.9370558, 'lng': 101.6622415}, 'viewport': {'northeast': {'lat': 2.938469529892723, 'lng': 101.6635347298927}, 'southwest': {'lat': 2.935769870107278, 'lng': 101.6608350701073}}}",https://maps.gstatic.com/mapfiles/place_api/icons/v1/png_71/restaurant-71.png,#FF9E67,https://maps.gstatic.com/mapfiles/place_api/icons/v2/restaurant_pinlet,African Food Palace Amala joint,{'open_now': False},"[{'height': 673, 'html_attributions': ['<a href=""https://maps.google.com/maps/contrib/111127286422627726940"">ABDULKABIER ENIOLA</a>'], 'photo_reference': 'AW30NDyzloqUfht0SfwsdpDDKIcULCEO1nj546wDM9ND3F2viu-QvL6altfKIIhYXEuaiedtMclaq3IzRJuqvK0gS3vhrsJ1N-uSbnbo5VhDnOCp4QQ-HekoFOpTrXqVHSnXzBa8uNfVCgYve9pbkQ8DuK3IPscLJ92tl07c8K7KZI7ttv_b', 'width': 720}]",ChIJB6HWHWC2zTERRNjeNYuZ6iY,"{'compound_code': 'WMP6+RV Cyberjaya, Selangor', 'global_code': '6PJ3WMP6+RV'}",4.8,ChIJB6HWHWC2zTERRNjeNYuZ6iY,GOOGLE,"['restaurant', 'food', 'point_of_interest', 'establishment']",21,"the place@cyberjaya, 1, Jalan Teknokrat 1, Cyberjaya",
OPERATIONAL,"{'location': {'lat': 2.9234081, 'lng': 101.6624406}, 'viewport': {'northeast': {'lat': 2.924747329892722, 'lng': 101.6637892798927}, 'southwest': {'lat': 2.922047670107278, 'lng': 101.6610896201073}}}",https://maps.gstatic.com/mapfiles/place_api/icons/v1/png_71/restaurant-71.png,#FF9E67,https://maps.gstatic.com/mapfiles/place_api/icons/v2/restaurant_pinlet,Steam And Grill Burger,{'open_now': False},"[{'height': 1335, 'html_attributions': ['<a href=""https://maps.google.com/maps/contrib/101907576147015471903"">A Google User</a>'], 'photo_reference': 'AW30NDyYGDRBRInFbrKHgeNGrLNrX17S-g8OsYj5tkApQhqJ1oxwVwBXyJAbrQaP19dOT7wbKpYwrBPLIZZaphs0zHKcFzDjdvCh16_5mqKqlIe4UGsIJNfIz78OVtlmocU29VwF4amFUNM9MS_NsbY6JS6aNWWQortPJCNWoffx5QUhgCS3', 'width': 2000}]",ChIJJ4Jd-FWzzTERMLY_--e05Bw,"{'compound_code': 'WMF6+9X Cyberjaya, Selangor', 'global_code': '6PJ3WMF6+9X'}",4.0,ChIJJ4Jd-FWzzTERMLY_--e05Bw,GOOGLE,"['restaurant', 'food', 'point_of_interest', 'establishment']",60,"No P2-13A, Shaftsbury Square, 2350, Persiaran Multimedia, Cyber 6, Cyberjaya, Cyberjaya",
OPERATIONAL,"{'location': {'lat': 2.9220783, 'lng': 101.6504569}, 'viewport': {'northeast': {'lat': 2.923715079892722, 'lng': 101.6519736798927}, 'southwest': {'lat': 2.921015420107278, 'lng': 101.6492740201073}}}",https://maps.gstatic.com/mapfiles/place_api/icons/v1/png_71/restaurant-71.png,#FF9E67,https://maps.gstatic.com/mapfiles/place_api/icons/v2/restaurant_pinlet,A&W DPulze Cyberjaya,{'open_now': False},"[{'height': 4096, 'html_attributions': ['<a href=""https://maps.google.com/maps/contrib/110917932380745050998"">Weijia Wj</a>'], 'photo_reference': 'AW30NDzbCtT35Nt9bir2E09xptbr5vkjsn1lMZmLu1CBImrq-2NaqIPxjDgs6wHI1KhQsIUt-9V6_5BCF784P5MX1zgaDuuOL2xvhYgh9ul5IcH1_UDJaO-Yf1YFJI2k_cT8U0akcoouTjMxA92nyqtPguqZX1QfmHAPEyENFeAqAfqqsc7v', 'width': 3072}]",ChIJASuzpXu3zTERlLKKQs0JRPc,"{'compound_code': 'WMC2+R5 Cyberjaya, Selangor', 'global_code': '6PJ3WMC2+R5'}",3.2,ChIJASuzpXu3zTERlLKKQs0JRPc,GOOGLE,"['restaurant', 'food', 'point_of_interest', 'establishment']",43,"UG-13 & UG-13-1, DPulze Shopping Centre, 3A, Lingkaran Cyber Point Timur, Cyber 12, Cyberjaya",2.0
OPERATIONAL,"{'location': {'lat': 2.9220232, 'lng': 101.6512202}, 'viewport': {'northeast': {'lat': 2.923268079892722, 'lng': 101.6525987298927}, 'southwest': {'lat': 2.920568420107278, 'lng': 101.6498990701073}}}",https://maps.gstatic.com/mapfiles/place_api/icons/v1/png_71/restaurant-71.png,#FF9E67,https://maps.gstatic.com/mapfiles/place_api/icons/v2/restaurant_pinlet,The Chicken Rice Shop Dpulze,{'open_now': False},"[{'height': 2976, 'html_attributions': ['<a href=""https://maps.google.com/maps/contrib/105583792134916467419"">Syed Afiq</a>'], 'photo_reference': 'AW30NDykegAuvM84GDBqUgjEPELDJ6k8F7sT7JSx_dZc6NpZk9FVVfooh9M-fZdplVcyxM6Vqrg8vMNy9zwdW1LshR9cLMMKYFp5kAIky64yb7gYonCZa-oKTqh2qDrALFS2lIMNBCuEXLNCHImMIw9ABYRYadVyKW8KG2BBThwxUgaXyml1', 'width': 3968}]",ChIJCaInafu2zTERodZ-mpwvySA,"{'compound_code': 'WMC2+RF Cyberjaya, Selangor', 'global_code': '6PJ3WMC2+RF'}",3.5,ChIJCaInafu2zTERodZ-mpwvySA,GOOGLE,"['restaurant', 'food', 'point_of_interest', 'establishment']",260,"Lot LG-13a, Lower Ground Floor Dpulze Shopping Centre, Lingkaran Cyber Point Timur, Cyber 12, Cyberjaya",2.0
OPERATIONAL,"{'location': {'lat': 2.9225347, 'lng': 101.6514312}, 'viewport': {'northeast': {'lat': 2.923906329892722, 'lng': 101.6527810798927}, 'southwest': {'lat': 2.921206670107277, 'lng': 101.6500814201073}}}",https://maps.gstatic.com/mapfiles/place_api/icons/v1/png_71/restaurant-71.png,#FF9E67,https://maps.gstatic.com/mapfiles/place_api/icons/v2/restaurant_pinlet,Sepiring DPulze,{'open_now': False},"[{'height': 3968, 'html_attributions': ['<a href=""https://maps.google.com/maps/contrib/108916606003072208095"">ana king</a>'], 'photo_reference': 'AW30NDwxsCVVyHDvSuV8hjxS94U_QHlHxc7TsRA1fRQGKy8cqAKm-6Me3KMqG8vDN0LdCfFe8n_rglFRpEHBz9hLE4MGGy4FHdy0h0pd1bbUD_3no1q_LiiViGjKq2CF_ZvvBTeakoHb3Pgp01Z_Fct3HcAyu8EZQQiiO6cf5O6s41mTNHCT', 'width': 2976}]",ChIJ-xI7Tvu2zTERCu66p9UToVc,"{'compound_code': 'WMF2+2H Cyberjaya, Selangor', 'global_code': '6PJ3WMF2+2H'}",3.6,ChIJ-xI7Tvu2zTERCu66p9UToVc,GOOGLE,"['restaurant', 'food', 'point_of_interest', 'establishment']",94,"LG-08, DPulze Shopping Centre, Lingkaran Cyber Point Timur, Cyberjaya",
OPERATIONAL,"{'location': {'lat': 2.9161146, 'lng': 101.6504994}, 'viewport': {'northeast': {'lat': 2.917496629892722, 'lng': 101.6518671298927}, 'southwest': {'lat': 2.914796970107278, 'lng': 101.6491674701073}}}",https://maps.gstatic.com/mapfiles/place_api/icons/v1/png_71/restaurant-71.png,#FF9E67,https://maps.gstatic.com/mapfiles/place_api/icons/v2/restaurant_pinlet,Al-Rayan Restaurant Cyberjaya,{'open_now': False},"[{'height': 4032, 'html_attributions': ['<a href=""https://maps.google.com/maps/contrib/116687431964981090265"">A Google User</a>'], 'photo_reference': 'AW30NDyYfw25QvJXh_EMxiiiYrl92ULgYnE8SMHlf5TWW8CwXMdfJnbHSmHxsK-JiA_xGA7hlL31pwGaymwbxU8pLSquxsVg0TK9CEJc12Yrrdgja4upkhZpY81yquLdq6FsjlMuktLvsh4__eAqblMQiUJ75pHZhm_HcjTi1rXgPQ_TChTu', 'width': 3024}]",ChIJSxDvqAK3zTERr--9mKMmszU,"{'compound_code': 'WM82+C5 Cyberjaya, Selangor', 'global_code': '6PJ3WM82+C5'}",4.0,ChIJSxDvqAK3zTERr--9mKMmszU,GOOGLE,"['restaurant', 'food', 'point_of_interest', 'establishment']",428,"32/G, Lingkaran cyber point barat domain, Persiaran Cyber Point Selatan, Cyberjaya",2.0
